CUSTOMER_ID,FIRST_NAME,LAST_NAME,CITY,COUNTRY,PHONE,EMAIL
1Ef7b82A4CAAD10,Prestoni,Lozanoi,East Jimmychester,Djibouti,5153435776,vmata@colon.com
XXXXXXXXXXXXXXX,Puppi,Schtinki,East Jimmychester,Djibouti,5153435776,vmata@colon.com
5Cef8BFA16c5e3c,Linda,Olsen,Bensonview,Dominican Republic,001-808-617-6467x12895,stanleyblackwell@benson.org
053d585Ab6b3159,Joanna,Bender,West Priscilla,Slovakia (Slovak Republic),001-234-203-0635x76146,colinalvarado@miles.net
2d08FB17EE273F4,Aimee,Downs,Chavezborough,Bosnia and Herzegovina,(283)437-3886x88321,louis27@gilbert.com
EA4d384DfDbBf77,Darren,Peck,Lake Ana,Pitcairn Islands,(496)452-6181x3291,tgates@cantrell.com
0e04AFde9f225dE,Brett,Mullen,Kimport,Bulgaria,001-583-352-7197x297,asnow@colon.com
C2dE4dEEc489ae0,Sheryl,Meyers,Robersonstad,Cyprus,854-138-4911x5772,mariokhan@ryan-pope.org
8C2811a503C7c5a,Michelle,Gallagher,Elaineberg,Timor-Leste,739.218.2516x459,mdyer@escobar.net
216E205d6eBb815,Carl,Schroeder,Shannonville,Guernsey,637-854-0256x825,kirksalas@webb.com
CEDec94deE6d69B,Jenna,Dodson,East Andrea,Vietnam,(041)737-3846,mark42@robbins.com
e35426EbDEceaFF,Tracey,Mata,South Joannamouth,Togo,001-949-844-8787,alex56@walls.org
A08A8aF8BE9FaD4,Kristine,Cox,Jodyberg,Sri Lanka,786-284-3358x62152,holdenmiranda@clarke.com
6fEaA1b7cab7B6C,Faith,Lutz,Burchbury,Singapore,(781)861-7180x8306,cassieparrish@blevins-chapman.net
8cad0b4CBceaeec,Miranda,Beasley,Desireeshire,Oman,540.085.3135x185,vduncan@parks-hardy.com
a5DC21AE3a21eaA,Caroline,Foley,West Adriennestad,Western Sahara,936.222.4746x9924,holtgwendolyn@watson-davenport.com
F8Aa9d6DfcBeeF8,Greg,Mata,Lake Leslie,Mozambique,(701)087-2415,jaredjuarez@carroll.org
F160f5Db3EfE973,Clifford,Jacobson,Harmonview,South Georgia and the South Sandwich Islands,001-151-330-3524x0469,joseph26@jacobson.com
0F60FF3DdCd7aB0,Joanna,Kirk,Jamesshire,French Polynesia,(266)131-7001x711,tuckerangie@salazar.net
9F9AdB7B8A6f7F2,Maxwell,Frye,East Carly,Malta,423.262.3059,fgibson@drake-webb.com
FBd0Ded4F02a742,Kiara,Houston,South Alvin,Netherlands,001-274-040-3582x10611,blanchardbob@wallace-shannon.com
2FB0FAA1d429421,Colleen,Howard,Brittanyview,Paraguay,1935085151,rsingleton@ryan-cherry.com
010468dAA11382c,Janet,Valenzuela,Veronicamouth,Lao People's Democratic Republic,354.259.5062x7538,stefanie71@spence.com
eC1927Ca84E033e,Shane,Wilcox,Bryanville,Albania,(429)005-9030x11004,mariah88@santos.com
09D7D7C8Fe09aea,Marcus,Moody,Kaitlyntown,Panama,674-677-8623,donnamullins@norris-barrett.org
aBdfcF2c50b0bfD,Dakota,Poole,Michealshire,Belarus,(371)987-8576x4720,stacey67@fields.org
b92EBfdF8a3f0E6,Frederick,Harper,South Marissatown,Switzerland,+1-077-121-1558x0687,jacobkhan@bright.biz
3B5dAAFA41AFa22,Stefanie,Fitzpatrick,Acevedoville,Saint Vincent and the Grenadines,(752)776-3286,wterrell@clark.com
EDA69ca7a6e96a2,Kent,Bradshaw,North Harold,Tanzania,+1-472-143-5037x884,qjimenez@boyd.com
64DCcDFaB9DFd4e,Jack,Tate,West Samuel,Zimbabwe,965-108-4406x20714,gfigueroa@boone-zavala.com
679c6c83DD872d6,Tom,Trujillo,Cunninghamborough,Denmark,416-338-3758,tapiagreg@beard.info
7Ce381e4Afa4ba9,Gabriel,Mejia,Port Annatown,Liechtenstein,4077245425,coleolson@jennings.net
A09AEc6E3bF70eE,Kaitlyn,Santana,New Kaitlyn,United States of America,6303643286,georgeross@miles.org
aA9BAFfBc3710fe,Faith,Moon,West Marthaburgh,Bahamas,+1-586-217-0359x6317,willistonya@randolph-baker.com
E11dfb2DB8C9f72,Tammie,Haley,East Teresa,Belize,001-276-734-4113x6087,harrisisaiah@jenkins.com
889eCf90f68c5Da,Nicholas,Sosa,South Hunter,Uruguay,(661)425-6042,fwolfe@dorsey.com
7a1Ee69F4fF4B4D,Jordan,Gay,South Walter,Solomon Islands,7208417020,tiffanydavies@harris-mcfarland.org
dca4f1D0A0fc5c9,Bruce,Esparza,Poolefurt,Montenegro,559-529-4424,preese@frye-vega.com
17aD8e2dB3df03D,Sherry,Garza,West John,Poland,001-067-713-6440x158,ann48@miller.com
2f79Cd309624Abb,Natalie,Gentry,West Darius,Dominican Republic,830.996.8238,tcummings@fitzpatrick-ashley.com
6e5ad5a5e2bB5Ca,Bryan,Dunn,North Jimstad,Burkina Faso,001-710-802-5565,woodwardandres@phelps.com
7E441b6B228DBcA,Wayne,Simpson,East Rebekahborough,Bolivia,(344)156-8632x1869,barbarapittman@holder.com
D3fC11A9C235Dc6,Luis,Greer,North Drew,Bulgaria,001-336-025-6849x701,bstuart@williamson-mcclure.com
30Dfa48fe5Ede78,Rhonda,Frost,Lake Lindaburgh,Monaco,(127)081-9339,zkrueger@wolf-chavez.net
fD780ED8dbEae7B,Joanne,Montes,Gwendolynview,Palau,(897)726-7952,juan80@henson.net
300A40d3ce24bBA,Geoffrey,Guzman,Zimmermanland,Uzbekistan,975.235.8921x269,bauercrystal@gay.com
283DFCD0Dba40aF,Gloria,Mccall,North Kerriton,Ghana,445-603-6729,bartlettjenna@zuniga-moss.biz
F4Fc91fEAEad286,Brady,Cohen,North Eileenville,United Arab Emirates,741.849.0139x524,mccalltyrone@durham-rose.biz
80F33Fd2AcebF05,Latoya,Mccann,Port Sergiofort,Belarus,(530)287-4548x29481,bobhammond@barry.biz
Aa20BDe68eAb0e9,Gerald,Hawkins,New Alberttown,Canada,+1-323-239-1456x96168,uwarner@steele-arias.com
e898eEB1B9FE22b,Samuel,Crawford,South Jasmine,Algeria,802-242-7457,xpittman@ritter-carney.net
faCEF517ae7D8eB,Patricia,Goodwin,Cowanfort,Swaziland,322.549.7139x70040,vaughanchristy@lara.biz
c09952De6Cda8aA,Stacie,Richard,New Deborah,Madagascar,001-622-948-3641x24810,clinton85@colon-arias.org
f3BEf3Be028166f,Robin,West,Wallstown,Ecuador,698.303.4267,greenemiranda@zimmerman.com
C6F2Fc6a7948a4e,Ralph,Haas,Lake Ellenchester,Palestinian Territory,2239271999,goodmancesar@figueroa.biz
c8FE57cBBdCDcb2,Phyllis,Maldonado,Lake Whitney,Saint Barthelemy,4500370767,yhanson@warner-diaz.org
B5acdFC982124F2,Danny,Parrish,East Jaredbury,United Arab Emirates,(669)384-8597x8794,howelldarren@house-cohen.com
8c7DdF10798bCC3,Kathy,Hill,Selenabury,South Georgia and the South Sandwich Islands,001-171-716-2175x310,ncamacho@boone-simmons.org
C681dDd0cc422f7,Kelli,Hardy,Huangfort,Sao Tome and Principe,020.324.2191x2022,kristopher62@oliver.com
a940cE42e035F28,Lynn,Pham,East Pennyshire,Portugal,846.468.6834x611,mpham@rios-guzman.com
9Cf5E6AFE0aeBfd,Shelley,Harris,Port Jasminborough,Togo,423.098.0315x8373,zachary96@mitchell-bryant.org
aEcbe5365BbC67D,Eddie,Jimenez,West Kristine,Ethiopia,+1-235-657-1073x6306,kristiwhitney@bernard.com
FCBdfCEAe20A8Dc,Chloe,Hutchinson,South Julia,Netherlands,981-544-9452,leah85@sutton-terrell.com
636cBF0835E10ff,Eileen,Lynch,Helenborough,Liberia,+1-158-951-4131x53578,levigiles@vincent.com
fF1b6c9E8Fbf1ff,Fernando,Lambert,Lake Nancy,Lithuania,497.829.9038,fisherlinda@schaefer.net
2A13F74EAa7DA6c,Makayla,Cannon,Georgeport,New Caledonia,001-215-801-6392x46009,scottcurtis@hurley.biz
a014Ec1b9FccC1E,Tom,Alvarado,South Sophiaberg,Kiribati,(585)606-2980x2258,nicholsonnina@montgomery.info
421a109cABDf5fa,Virginia,Dudley,Hartbury,French Southern Territories,027.846.3705x14184,zvalencia@phelps.com
CC68FD1D3Bbbf22,Riley,Good,Erikaville,Canada,6977745822,alex06@galloway.com
CBCd2Ac8E3eBDF9,Alexandria,Buck,Nicolasfort,Iran,078-900-4760x76668,lee48@manning.com
Ef859092FbEcC07,Richard,Roth,New Jasmineshire,Morocco,581-440-6539,aharper@maddox-townsend.org
F560f2d3cDFb618,Candice,Keller,East Summerstad,Zimbabwe,001-927-965-8550x92406,buckleycory@odonnell.net
A3F76Be153Df4a3,Anita,Benson,Skinnerport,Russian Federation,874.617.5668x69878,angie04@oconnell.com
D01Af0AF7cBbFeA,Regina,Stein,Raystad,Solomon Islands,001-469-848-0724x4407,zrosario@rojas-hardin.net
d40e89dCade7b2F,Debra,Riddle,Colinhaven,United States Virgin Islands,+1-768-182-6014x14336,shieldskerry@robles.com
BF6a1f9bd1bf8DE,Brittany,Zuniga,West Reginald,Kyrgyz Republic,(050)136-9025,mchandler@cochran-huerta.org
FfaeFFbbbf280db,Cassidy,Mcmahon,Lake Sherryborough,Myanmar,5040771311,katrinalane@fitzgerald.com
CbAE1d1e9a8dCb1,Laurie,Pennington,Port Katherineville,Dominica,007.155.3406x553,cookejill@powell.com
A7F85c1DE4dB87f,Alejandro,Blair,Thomasland,Iceland,(690)068-4641x51468,elizabethbarr@ewing.com
D6CEAfb3BDbaa1A,Leslie,Jennings,Coreybury,Micronesia,629.198.6346,corey75@wiggins.com
Ebdb6F6F7c90b69,Kathleen,Mckay,Lake Janiceton,Saint Vincent and the Grenadines,(733)910-9968,chloelester@higgins-wilkinson.com
E8E7e8Cfe516ef0,Hunter,Moreno,East Clinton,Isle of Man,(733)833-6754,isaac26@benton-finley.com
78C06E9b6B3DF20,Chad,Davidson,South Joshuashire,Oman,8275702958,justinwalters@jimenez.com
03A1E62ADdeb31c,Corey,Holt,New Glenda,Fiji,001-439-242-4986x7918,maurice46@morgan.com
C6763c99d0bd16D,Emma,Cunningham,North Jillianview,New Zealand,128-059-0206x60217,walter83@juarez.org
ebe77E5Bf9476CE,Duane,Woods,Lyonsberg,Maldives,(636)544-7783x7288,kmercer@wagner.com
E4Bbcd8AD81fC5f,Alison,Vargas,East Cristinabury,Benin,365-273-8144,vcantu@norton.com
efeb73245CDf1fF,Vernon,Kane,Thomasfurt,Yemen,114-854-1159x555,hilljesse@barrett.info
37Ec4B395641c1E,Lori,Flowers,North Joeburgh,Namibia,679.415.1210,tyrone77@valenzuela.info
5ef6d3eefdD43bE,Nina,Chavez,Cassidychester,Bhutan,053-344-3205,elliserica@frank.com
98b3aeDcC3B9FF3,Shane,Foley,South Dannymouth,Hungary,+1-822-569-0302,nsteele@sparks.com
aAb6AFc7AfD0fF3,Collin,Ayers,South Lonnie,Anguilla,404-645-5351x012,dudleyemily@gonzales.biz
54B5B5Fe9F1B6C5,Sherry,Young,Frankchester,Solomon Islands,158-687-1764,alan79@gates-mclaughlin.com
BE91A0bdcA49Bbc,Darrell,Douglas,Daisyborough,Mali,001-084-845-9524x1777,grayjean@lowery-good.com
cb8E23e48d22Eae,Karl,Greer,East Richard,Guyana,(188)169-1674x58692,hhart@jensen.com
CeD220bdAaCfaDf,Lynn,Atkinson,New Bradview,Sri Lanka,+1-846-706-2218,vkemp@ferrell.com
28CDbC0dFe4b1Db,Fred,Guerra,Ortegaland,Solomon Islands,+1-753-067-8419x7170,swagner@kane.org
c23d1D9EE8DEB0A,Yvonne,Farmer,Lake Elijahview,Aruba,(530)311-9786,mccarthystephen@horn-green.biz
2354a0E336A91A1,Clarence,Haynes,Judymouth,Honduras,(753)813-6941,colleen91@faulkner.biz
